Number;Chemical name;Chemical Formula;Monoisotopic mass;[M+H]+;[M-H]-;Smile Code;INCHi;Source
2906;Atenolol-R001;;218.178298;219.186123;217.170473;;;
2907;Atenolol-R002;;222.173213;223.181038;221.165388;;;
2908;Atenolol-R003;;224.116093;225.123918;223.108268;;;
2909;Atenolol-R004;;224.152478;225.160303;223.144653;;;
2910;Atenolol-R005;;234.173213;235.181038;233.165388;;;
2911;Atenolol-R006;;238.131743;239.139568;237.123918;;;
2912;Atenolol-R007;;250.168128;251.175953;249.160303;;;
2913;Atenolol-R008;;252.147393;253.155218;251.139568;;;
2914;Atenolol-R009;;252.183778;253.191603;251.175953;;;
2915;Atenolol-R010;;268.178693;269.186518;267.170868;;;
2916;Atenolol-R011;;268.178693;269.186518;267.170868;;;
2917;Atenolol-R012;;280.142308;281.150133;279.134483;;;
2918;Atenolol-R013;;280.178693;281.186518;279.170868;;;
2919;Atenolol-R014;;282.157958;283.165783;281.150133;;;
2920;Atenolol-R015;;282.157958;283.165783;281.150133;;;
2921;Atenolol-R016;;282.157958;283.165783;281.150133;;;
2922;Atenolol-R017;;282.157958;283.165783;281.150133;;;
2923;Atenolol-R018;;294.194343;295.202168;293.186518;;;
2924;Atenolol-R019;;296.137223;297.145048;295.129398;;;
2925;Atenolol-R020;;298.152873;299.160698;297.145048;;;
2926;Atenolol-R021;;298.152873;299.160698;297.145048;;;
2927;Atenolol-R022;;300.168523;301.176348;299.160698;;;
2928;Atenolol-R023;;308.173608;309.181433;307.165783;;;
2929;Atenolol-R024;;308.209993;309.217818;307.202168;;;
2930;Atenolol-R025;;310.152873;311.160698;309.145048;;;
2931;Atenolol-R026;;314.147788;315.155613;313.139963;;;
2932;Atenolol-R027;;323.184507;324.192332;322.176682;;;
2933;Atenolol-R028;;337.200157;338.207982;336.192332;;;
2934;Atenolol-R029;;339.179422;340.187247;338.171597;;;
2935;Atenolol-R030;;346.11986;347.127685;345.112035;;;
2936;Atenolol-R031;;353.195072;354.202897;352.187247;;;
2937;Atenolol-R032;;362.114775;363.1226;361.10695;;;
2938;Atenolol-R033;;363.215807;364.223632;362.207982;;;
2939;Atenolol-R034;;365.231457;366.239282;364.223632;;;
2940;Atenolol-R035;;367.210722;368.218547;366.202897;;;
2941;Atenolol-R036;;369.189987;370.197812;368.182162;;;
2942;Atenolol-R037;;369.172229;370.180054;368.164404;;;
2943;Atenolol-R038;;379.210722;380.218547;378.202897;;;
2944;Atenolol-R039;;379.247107;380.254932;378.239282;;;
2945;Atenolol-R040;;379.247107;380.254932;378.239282;;;
2946;Atenolol-R041;;380.205971;381.213796;379.198146;;;
2947;Atenolol-R042;;381.213796;382.221621;380.205971;;;
2948;Atenolol-R043;;381.226372;382.234197;380.218547;;;
2949;Atenolol-R044;;383.205637;384.213462;382.197812;;;
2950;Atenolol-R045;;385.167144;386.174969;384.159319;;;
2951;Atenolol-R046;;394.221621;395.229446;393.213796;;;
2952;Atenolol-R047;;394.258006;395.265831;393.250181;;;
2953;Atenolol-R048;;395.229446;396.237271;394.221621;;;
2954;Atenolol-R049;;395.242022;396.249847;394.234197;;;
2955;Atenolol-R050;;395.242022;396.249847;394.234197;;;
2956;Atenolol-R051;;396.200886;397.208711;395.193061;;;
2957;Atenolol-R052;;397.208711;398.216536;396.200886;;;
2958;Atenolol-R053;;397.203529;398.211354;396.195704;;;
2959;Atenolol-R054;;466.242751;467.250576;465.234926;;;
2960;Atenolol-R055;;403.221955;404.22978;402.21413;;;
2961;Atenolol-R056;;410.216536;411.224361;409.208711;;;
2962;Atenolol-R057;;410.252921;411.260746;409.245096;;;
2963;Atenolol-R058;;411.224361;412.232186;410.216536;;;
2964;Atenolol-R059;;413.231457;414.239282;412.223632;;;
2965;Atenolol-R060;;413.198444;414.206269;412.190619;;;
2966;Atenolol-R061;;419.21687;420.224695;418.209045;;;
2967;Atenolol-R062;;422.264154;423.271979;421.256329;;;
2968;Atenolol-R063;;428.215868;429.223693;427.208043;;;
2969;Atenolol-R064;;494.274051;495.281876;493.266226;;;
2970;Atenolol-R065;;429.226372;430.234197;428.218547;;;
2971;Atenolol-R066;;429.226372;430.234197;428.218547;;;
2972;Atenolol-R067;;438.247836;439.255661;437.240011;;;
2973;Atenolol-R068;;438.259069;439.266894;437.251244;;;
2974;Atenolol-R069;;508.289701;509.297526;507.281876;;;
2975;Atenolol-R070;;508.289701;509.297526;507.281876;;;
2976;Atenolol-R071;;444.210783;445.218608;443.202958;;;
2977;Atenolol-R072;;444.210783;445.218608;443.202958;;;
2978;Atenolol-R073;;445.221287;446.229112;444.213462;;;
2979;Atenolol-R074;;452.242356;453.250181;451.234531;;;
2980;Atenolol-R075;;458.190048;459.197873;457.182223;;;
2981;Atenolol-R076;;523.264215;524.27204;522.25639;;;
2982;Atenolol-R077;;460.205698;461.213523;459.197873;;;
2983;Atenolol-R078;;460.205698;461.213523;459.197873;;;
2984;Atenolol-R079;;465.258735;466.26656;464.25091;;;
2985;Atenolol-R080;;468.237271;469.245096;467.229446;;;
2986;Atenolol-R081;;470.226433;471.234258;469.218608;;;
2987;Atenolol-R082;;542.274051;543.281876;541.266226;;;
2988;Atenolol-R083;;494.274051;495.281876;493.266226;;;
2989;Atenolol-R084;;508.289701;509.297526;507.281876;;;
2990;Atenolol-R085;;508.289701;509.297526;507.281876;;;
2991;Atenolol-R086;;352.163438;353.171263;351.155613;;;
2992;Atenolol-R087;;514.216263;515.224088;513.208438;;;
2993;Atenolol-R088;;523.264215;524.27204;522.25639;;;
2994;Atenolol-R089;;530.211178;531.219003;529.203353;;;
2995;Atenolol-R090;;542.274051;543.281876;541.266226;;;
2996;Atenolol-R091;;571.231202;572.239027;570.223377;;;
2997;Atenolol-R092;;587.226117;588.233942;586.218292;;;
2998;Atenolol-R093;;590.268693;591.276518;589.260868;;;
2999;Atenolol-R094;;600.290764;601.298589;599.282939;;;
3000;Atenolol-R095;;604.247958;605.255783;603.240133;;;
3001;Atenolol-R096;;606.263608;607.271433;605.255783;;;
3002;Atenolol-R097;;620.242873;621.250698;619.235048;;;
3003;Atenolol-R098;;676.269088;677.276913;675.261263;;;
3004;Atenolol-R099;;690.248353;691.256178;689.240528;;;
3005;Atenolol-R100;;692.264003;693.271828;691.256178;;;
3006;Atenolol-R101;;706.243268;707.251093;705.235443;;;
3007;Atenolol-R102;;752.321518;753.329343;751.313693;;;
3008;Atenolol-R103;;762.269483;763.277308;761.261658;;;
3009;Atenolol-R104;;768.316433;769.324258;767.308608;;;
3010;Atenolol-R105;;778.264398;779.272223;777.256573;;;
3011;Atenolol-R106;;838.321913;839.329738;837.314088;;;
3012;Atenolol-R107;;854.316828;855.324653;853.309003;;;
3013;Atenolol-R108;;864.264793;865.272618;863.256968;;;
3014;Atenolol-R109;;868.296093;869.303918;867.288268;;;
3015;Atenolol-R110;;914.374343;915.382168;913.366518;;;
3016;Atenolol-R111;;930.369258;931.377083;929.361433;;;
3017;Atenolol-R112;;296.137223;297.145048;295.129398;;;
3018;Atenolol-R113;;589.242043;590.249868;588.234218;;;
3019;Atenolol-R114;;444.174043;445.181868;443.166218;;;
3020;Atenolol-R115;;442.195043;443.202868;441.187218;;;
3021;Atenolol-R116;;428.179043;429.186868;427.171218;;;
3022;Atenolol-R117;;427.178043;428.185868;426.170218;;;
3023;Atenolol-R118;;346.129443;347.137268;345.121618;;;
3024;Atenolol-R119;;324.168543;325.176368;323.160718;;;
3025;Atenolol-R120;;316.163443;317.171268;315.155618;;;
3026;Atenolol-R121;;573.247043;574.254868;572.239218;;;
3027;Atenolol-R122;;312.168543;313.176368;311.160718;;;
3028;Atenolol-R123;;312.132143;313.139968;311.124318;;;
3029;Atenolol-R124;;296.173643;297.181468;295.165818;;;
3030;Atenolol-R125;;284.173643;285.181468;283.165818;;;
3031;Atenolol-R126;;270.194343;271.202168;269.186518;;;
3032;Atenolol-R127;;268.142343;269.150168;267.134518;;;
3033;Atenolol-R128;;267.147043;268.154868;266.139218;;;
3034;Atenolol-R129;;266.126643;267.134468;265.118818;;;
3035;Atenolol-R130;;264.147343;265.155168;263.139518;;;
3036;Atenolol-R131;;254.163043;255.170868;253.155218;;;
3037;Atenolol-R132;;254.126643;255.134468;253.118818;;;
3038;Atenolol-R133;;506.062043;507.069868;505.054218;;;
3039;Atenolol-R134;;250.131743;251.139568;249.123918;;;
3040;Atenolol-R135;;240.147343;241.155168;239.139518;;;
3041;Atenolol-R136;;236.188843;237.196668;235.181018;;;
3042;Atenolol-R137;;224.116043;225.123868;223.108218;;;
3043;Atenolol-R138;;222.136843;223.144668;221.129018;;;
3044;Atenolol-R139;;212.116043;213.123868;211.108218;;;
3045;Atenolol-R140;;474.185043;475.192868;473.177218;;;
3046;Atenolol-R141;;210.100443;211.108268;209.092618;;;
3047;Atenolol-R142;;472.169043;473.176868;471.161218;;;
3048;Atenolol-R143;;445.188043;446.195868;444.180218;;;
3049;Atenolol-R144;;444.211043;445.218868;443.203218;;;
3050;Enrofloxacin-R001;;311.179775;312.1876;310.17195;;;
3051;Enrofloxacin-R002;;315.17469;316.182515;314.166865;;;
3052;Enrofloxacin-R003;;317.11757;318.125395;316.109745;;;
3053;Enrofloxacin-R004;;317.153955;318.16178;316.14613;;;
3054;Enrofloxacin-R005;;327.17469;328.182515;326.166865;;;
3055;Enrofloxacin-R006;;331.13322;332.141045;330.125395;;;
3056;Enrofloxacin-R007;;343.169605;344.17743;342.16178;;;
3057;Enrofloxacin-R008;;345.14887;346.156695;344.141045;;;
3058;Enrofloxacin-R009;;345.185255;346.19308;344.17743;;;
3059;Enrofloxacin-R010;;361.18017;362.187995;360.172345;;;
3060;Enrofloxacin-R011;;361.18017;362.187995;360.172345;;;
3061;Enrofloxacin-R012;;373.143785;374.15161;372.13596;;;
3062;Enrofloxacin-R013;;373.18017;374.187995;372.172345;;;
3063;Enrofloxacin-R014;;375.159435;376.16726;374.15161;;;
3064;Enrofloxacin-R015;;375.159435;376.16726;374.15161;;;
3065;Enrofloxacin-R016;;375.159435;376.16726;374.15161;;;
3066;Enrofloxacin-R017;;375.159435;376.16726;374.15161;;;
3067;Enrofloxacin-R018;;387.19582;388.203645;386.187995;;;
3068;Enrofloxacin-R019;;389.1387;390.146525;388.130875;;;
3069;Enrofloxacin-R020;;391.15435;392.162175;390.146525;;;
3070;Enrofloxacin-R021;;391.15435;392.162175;390.146525;;;
3071;Enrofloxacin-R022;;393.17;394.177825;392.162175;;;
3072;Enrofloxacin-R023;;401.175085;402.18291;400.16726;;;
3073;Enrofloxacin-R024;;401.21147;402.219295;400.203645;;;
3074;Enrofloxacin-R025;;403.15435;404.162175;402.146525;;;
3075;Enrofloxacin-R026;;407.149265;408.15709;406.14144;;;
3076;Enrofloxacin-R027;;416.185984;417.193809;415.178159;;;
3077;Enrofloxacin-R028;;430.201634;431.209459;429.193809;;;
3078;Enrofloxacin-R029;;432.180899;433.188724;431.173074;;;
3079;Enrofloxacin-R030;;439.121337;440.129162;438.113512;;;
3080;Enrofloxacin-R031;;446.196549;447.204374;445.188724;;;
3081;Enrofloxacin-R032;;455.116252;456.124077;454.108427;;;
3082;Enrofloxacin-R033;;456.217284;457.225109;455.209459;;;
3083;Enrofloxacin-R034;;458.232934;459.240759;457.225109;;;
3084;Enrofloxacin-R035;;460.212199;461.220024;459.204374;;;
3085;Enrofloxacin-R036;;462.191464;463.199289;461.183639;;;
3086;Enrofloxacin-R037;;462.173706;463.181531;461.165881;;;
3087;Enrofloxacin-R038;;472.212199;473.220024;471.204374;;;
3088;Enrofloxacin-R039;;472.248584;473.256409;471.240759;;;
3089;Enrofloxacin-R040;;472.248584;473.256409;471.240759;;;
3090;Enrofloxacin-R041;;473.207448;474.215273;472.199623;;;
3091;Enrofloxacin-R042;;474.215273;475.223098;473.207448;;;
3092;Enrofloxacin-R043;;474.227849;475.235674;473.220024;;;
3093;Enrofloxacin-R044;;476.207114;477.214939;475.199289;;;
3094;Enrofloxacin-R045;;478.168621;479.176446;477.160796;;;
3095;Enrofloxacin-R046;;487.223098;488.230923;486.215273;;;
3096;Enrofloxacin-R047;;487.259483;488.267308;486.251658;;;
3097;Enrofloxacin-R048;;488.230923;489.238748;487.223098;;;
3098;Enrofloxacin-R049;;488.243499;489.251324;487.235674;;;
3099;Enrofloxacin-R050;;488.243499;489.251324;487.235674;;;
3100;Enrofloxacin-R051;;489.202363;490.210188;488.194538;;;
3101;Enrofloxacin-R052;;490.210188;491.218013;489.202363;;;
3102;Enrofloxacin-R053;;490.205006;491.212831;489.197181;;;
3103;Enrofloxacin-R054;;559.244228;560.252053;558.236403;;;
3104;Enrofloxacin-R055;;496.223432;497.231257;495.215607;;;
3105;Enrofloxacin-R056;;503.218013;504.225838;502.210188;;;
3106;Enrofloxacin-R057;;503.254398;504.262223;502.246573;;;
3107;Enrofloxacin-R058;;504.225838;505.233663;503.218013;;;
3108;Enrofloxacin-R059;;506.232934;507.240759;505.225109;;;
3109;Enrofloxacin-R060;;506.199921;507.207746;505.192096;;;
3110;Enrofloxacin-R061;;512.218347;513.226172;511.210522;;;
3111;Enrofloxacin-R062;;515.265631;516.273456;514.257806;;;
3112;Enrofloxacin-R063;;521.217345;522.22517;520.20952;;;
3113;Enrofloxacin-R064;;587.275528;588.283353;586.267703;;;
3114;Enrofloxacin-R065;;522.227849;523.235674;521.220024;;;
3115;Enrofloxacin-R066;;522.227849;523.235674;521.220024;;;
3116;Enrofloxacin-R067;;531.249313;532.257138;530.241488;;;
3117;Enrofloxacin-R068;;531.260546;532.268371;530.252721;;;
3118;Enrofloxacin-R069;;601.291178;602.299003;600.283353;;;
3119;Enrofloxacin-R070;;601.291178;602.299003;600.283353;;;
3120;Enrofloxacin-R071;;537.21226;538.220085;536.204435;;;
3121;Enrofloxacin-R072;;537.21226;538.220085;536.204435;;;
3122;Enrofloxacin-R073;;538.222764;539.230589;537.214939;;;
3123;Enrofloxacin-R074;;545.243833;546.251658;544.236008;;;
3124;Enrofloxacin-R075;;551.191525;552.19935;550.1837;;;
3125;Enrofloxacin-R076;;616.265692;617.273517;615.257867;;;
3126;Enrofloxacin-R077;;553.207175;554.215;552.19935;;;
3127;Enrofloxacin-R078;;553.207175;554.215;552.19935;;;
3128;Enrofloxacin-R079;;558.260212;559.268037;557.252387;;;
3129;Enrofloxacin-R080;;561.238748;562.246573;560.230923;;;
3130;Enrofloxacin-R081;;563.22791;564.235735;562.220085;;;
3131;Enrofloxacin-R082;;635.275528;636.283353;634.267703;;;
3132;Enrofloxacin-R083;;587.275528;588.283353;586.267703;;;
3133;Enrofloxacin-R084;;601.291178;602.299003;600.283353;;;
3134;Enrofloxacin-R085;;601.291178;602.299003;600.283353;;;
3135;Enrofloxacin-R086;;445.164915;446.17274;444.15709;;;
3136;Enrofloxacin-R087;;607.21774;608.225565;606.209915;;;
3137;Enrofloxacin-R088;;616.265692;617.273517;615.257867;;;
3138;Enrofloxacin-R089;;623.212655;624.22048;622.20483;;;
3139;Enrofloxacin-R090;;635.275528;636.283353;634.267703;;;
3140;Enrofloxacin-R091;;664.232679;665.240504;663.224854;;;
3141;Enrofloxacin-R092;;680.227594;681.235419;679.219769;;;
3142;Enrofloxacin-R093;;683.27017;684.277995;682.262345;;;
3143;Enrofloxacin-R094;;693.292241;694.300066;692.284416;;;
3144;Enrofloxacin-R095;;697.249435;698.25726;696.24161;;;
3145;Enrofloxacin-R096;;699.265085;700.27291;698.25726;;;
3146;Enrofloxacin-R097;;713.24435;714.252175;712.236525;;;
3147;Enrofloxacin-R098;;769.270565;770.27839;768.26274;;;
3148;Enrofloxacin-R099;;783.24983;784.257655;782.242005;;;
3149;Enrofloxacin-R100;;785.26548;786.273305;784.257655;;;
3150;Enrofloxacin-R101;;799.244745;800.25257;798.23692;;;
3151;Enrofloxacin-R102;;845.322995;846.33082;844.31517;;;
3152;Enrofloxacin-R103;;855.27096;856.278785;854.263135;;;
3153;Enrofloxacin-R104;;861.31791;862.325735;860.310085;;;
3154;Enrofloxacin-R105;;871.265875;872.2737;870.25805;;;
3155;Enrofloxacin-R106;;931.32339;932.331215;930.315565;;;
3156;Enrofloxacin-R107;;947.318305;948.32613;946.31048;;;
3157;Enrofloxacin-R108;;957.26627;958.274095;956.258445;;;
3158;Enrofloxacin-R109;;961.29757;962.305395;960.289745;;;
3159;Enrofloxacin-R110;;1007.37582;1008.383645;1006.367995;;;
3160;Enrofloxacin-R111;;1023.370735;1024.37856;1022.36291;;;
3161;Enrofloxacin-R112;;389.1387;390.146525;388.130875;;;
3162;Enrofloxacin-R113;;682.24352;683.251345;681.235695;;;
3163;Enrofloxacin-R114;;537.17552;538.183345;536.167695;;;
3164;Enrofloxacin-R115;;535.19652;536.204345;534.188695;;;
3165;Enrofloxacin-R116;;521.18052;522.188345;520.172695;;;
3166;Enrofloxacin-R117;;520.17952;521.187345;519.171695;;;
3167;Enrofloxacin-R118;;439.13092;440.138745;438.123095;;;
3168;Enrofloxacin-R119;;417.17002;418.177845;416.162195;;;
3169;Enrofloxacin-R120;;409.16492;410.172745;408.157095;;;
3170;Enrofloxacin-R121;;666.24852;667.256345;665.240695;;;
3171;Enrofloxacin-R122;;405.17002;406.177845;404.162195;;;
3172;Enrofloxacin-R123;;405.13362;406.141445;404.125795;;;
3173;Enrofloxacin-R124;;389.17512;390.182945;388.167295;;;
3174;Enrofloxacin-R125;;377.17512;378.182945;376.167295;;;
3175;Enrofloxacin-R126;;363.19582;364.203645;362.187995;;;
3176;Enrofloxacin-R127;;361.14382;362.151645;360.135995;;;
3177;Enrofloxacin-R128;;360.14852;361.156345;359.140695;;;
3178;Enrofloxacin-R129;;359.12812;360.135945;358.120295;;;
3179;Enrofloxacin-R130;;357.14882;358.156645;356.140995;;;
3180;Enrofloxacin-R131;;347.16452;348.172345;346.156695;;;
3181;Enrofloxacin-R132;;347.12812;348.135945;346.120295;;;
3182;Enrofloxacin-R133;;599.06352;600.071345;598.055695;;;
3183;Enrofloxacin-R134;;343.13322;344.141045;342.125395;;;
3184;Enrofloxacin-R135;;333.14882;334.156645;332.140995;;;
3185;Enrofloxacin-R136;;329.19032;330.198145;328.182495;;;
3186;Enrofloxacin-R137;;317.11752;318.125345;316.109695;;;
3187;Enrofloxacin-R138;;315.13832;316.146145;314.130495;;;
3188;Enrofloxacin-R139;;305.11752;306.125345;304.109695;;;
3189;Enrofloxacin-R140;;567.18652;568.194345;566.178695;;;
3190;Enrofloxacin-R141;;303.10192;304.109745;302.094095;;;
3191;Enrofloxacin-R142;;565.17052;566.178345;564.162695;;;
3192;Enrofloxacin-R143;;538.18952;539.197345;537.181695;;;
3193;Enrofloxacin-R144;;537.21252;538.220345;536.204695;;;
3194;Erythromycin-R001;;685.476499;686.484324;684.468674;;;
3195;Erythromycin-R002;;689.471414;690.479239;688.463589;;;
3196;Erythromycin-R003;;691.414294;692.422119;690.406469;;;
3197;Erythromycin-R004;;691.450679;692.458504;690.442854;;;
3198;Erythromycin-R005;;701.471414;702.479239;700.463589;;;
3199;Erythromycin-R006;;705.429944;706.437769;704.422119;;;
3200;Erythromycin-R007;;717.466329;718.474154;716.458504;;;
3201;Erythromycin-R008;;719.445594;720.453419;718.437769;;;
3202;Erythromycin-R009;;719.481979;720.489804;718.474154;;;
3203;Erythromycin-R010;;735.476894;736.484719;734.469069;;;
3204;Erythromycin-R011;;735.476894;736.484719;734.469069;;;
3205;Erythromycin-R012;;747.440509;748.448334;746.432684;;;
3206;Erythromycin-R013;;747.476894;748.484719;746.469069;;;
3207;Erythromycin-R014;;749.456159;750.463984;748.448334;;;
3208;Erythromycin-R015;;749.456159;750.463984;748.448334;;;
3209;Erythromycin-R016;;749.456159;750.463984;748.448334;;;
3210;Erythromycin-R017;;749.456159;750.463984;748.448334;;;
3211;Erythromycin-R018;;761.492544;762.500369;760.484719;;;
3212;Erythromycin-R019;;763.435424;764.443249;762.427599;;;
3213;Erythromycin-R020;;765.451074;766.458899;764.443249;;;
3214;Erythromycin-R021;;765.451074;766.458899;764.443249;;;
3215;Erythromycin-R022;;767.466724;768.474549;766.458899;;;
3216;Erythromycin-R023;;775.471809;776.479634;774.463984;;;
3217;Erythromycin-R024;;775.508194;776.516019;774.500369;;;
3218;Erythromycin-R025;;777.451074;778.458899;776.443249;;;
3219;Erythromycin-R026;;781.445989;782.453814;780.438164;;;
3220;Erythromycin-R027;;790.482708;791.490533;789.474883;;;
3221;Erythromycin-R028;;804.498358;805.506183;803.490533;;;
3222;Erythromycin-R029;;806.477623;807.485448;805.469798;;;
3223;Erythromycin-R030;;813.418061;814.425886;812.410236;;;
3224;Erythromycin-R031;;820.493273;821.501098;819.485448;;;
3225;Erythromycin-R032;;829.412976;830.420801;828.405151;;;
3226;Erythromycin-R033;;830.514008;831.521833;829.506183;;;
3227;Erythromycin-R034;;832.529658;833.537483;831.521833;;;
3228;Erythromycin-R035;;834.508923;835.516748;833.501098;;;
3229;Erythromycin-R036;;836.488188;837.496013;835.480363;;;
3230;Erythromycin-R037;;836.47043;837.478255;835.462605;;;
3231;Erythromycin-R038;;846.508923;847.516748;845.501098;;;
3232;Erythromycin-R039;;846.545308;847.553133;845.537483;;;
3233;Erythromycin-R040;;846.545308;847.553133;845.537483;;;
3234;Erythromycin-R041;;847.504172;848.511997;846.496347;;;
3235;Erythromycin-R042;;848.511997;849.519822;847.504172;;;
3236;Erythromycin-R043;;848.524573;849.532398;847.516748;;;
3237;Erythromycin-R044;;850.503838;851.511663;849.496013;;;
3238;Erythromycin-R045;;852.465345;853.47317;851.45752;;;
3239;Erythromycin-R046;;861.519822;862.527647;860.511997;;;
3240;Erythromycin-R047;;861.556207;862.564032;860.548382;;;
3241;Erythromycin-R048;;862.527647;863.535472;861.519822;;;
3242;Erythromycin-R049;;862.540223;863.548048;861.532398;;;
3243;Erythromycin-R050;;862.540223;863.548048;861.532398;;;
3244;Erythromycin-R051;;863.499087;864.506912;862.491262;;;
3245;Erythromycin-R052;;864.506912;865.514737;863.499087;;;
3246;Erythromycin-R053;;864.50173;865.509555;863.493905;;;
3247;Erythromycin-R054;;933.540952;934.548777;932.533127;;;
3248;Erythromycin-R055;;870.520156;871.527981;869.512331;;;
3249;Erythromycin-R056;;877.514737;878.522562;876.506912;;;
3250;Erythromycin-R057;;877.551122;878.558947;876.543297;;;
3251;Erythromycin-R058;;878.522562;879.530387;877.514737;;;
3252;Erythromycin-R059;;880.529658;881.537483;879.521833;;;
3253;Erythromycin-R060;;880.496645;881.50447;879.48882;;;
3254;Erythromycin-R061;;886.515071;887.522896;885.507246;;;
3255;Erythromycin-R062;;889.562355;890.57018;888.55453;;;
3256;Erythromycin-R063;;895.514069;896.521894;894.506244;;;
3257;Erythromycin-R064;;961.572252;962.580077;960.564427;;;
3258;Erythromycin-R065;;896.524573;897.532398;895.516748;;;
3259;Erythromycin-R066;;896.524573;897.532398;895.516748;;;
3260;Erythromycin-R067;;905.546037;906.553862;904.538212;;;
3261;Erythromycin-R068;;905.55727;906.565095;904.549445;;;
3262;Erythromycin-R069;;975.587902;976.595727;974.580077;;;
3263;Erythromycin-R070;;975.587902;976.595727;974.580077;;;
3264;Erythromycin-R071;;911.508984;912.516809;910.501159;;;
3265;Erythromycin-R072;;911.508984;912.516809;910.501159;;;
3266;Erythromycin-R073;;912.519488;913.527313;911.511663;;;
3267;Erythromycin-R074;;919.540557;920.548382;918.532732;;;
3268;Erythromycin-R075;;925.488249;926.496074;924.480424;;;
3269;Erythromycin-R076;;990.562416;991.570241;989.554591;;;
3270;Erythromycin-R077;;927.503899;928.511724;926.496074;;;
3271;Erythromycin-R078;;927.503899;928.511724;926.496074;;;
3272;Erythromycin-R079;;932.556936;933.564761;931.549111;;;
3273;Erythromycin-R080;;935.535472;936.543297;934.527647;;;
3274;Erythromycin-R081;;937.524634;938.532459;936.516809;;;
3275;Erythromycin-R082;;1009.572252;1010.580077;1008.564427;;;
3276;Erythromycin-R083;;961.572252;962.580077;960.564427;;;
3277;Erythromycin-R084;;975.587902;976.595727;974.580077;;;
3278;Erythromycin-R085;;975.587902;976.595727;974.580077;;;
3279;Erythromycin-R086;;819.461639;820.469464;818.453814;;;
3280;Erythromycin-R087;;981.514464;982.522289;980.506639;;;
3281;Erythromycin-R088;;990.562416;991.570241;989.554591;;;
3282;Erythromycin-R089;;997.509379;998.517204;996.501554;;;
3283;Erythromycin-R090;;1009.572252;1010.580077;1008.564427;;;
3284;Erythromycin-R091;;1038.529403;1039.537228;1037.521578;;;
3285;Erythromycin-R092;;1054.524318;1055.532143;1053.516493;;;
3286;Erythromycin-R093;;1057.566894;1058.574719;1056.559069;;;
3287;Erythromycin-R094;;1067.588965;1068.59679;1066.58114;;;
3288;Erythromycin-R095;;1071.546159;1072.553984;1070.538334;;;
3289;Erythromycin-R096;;1073.561809;1074.569634;1072.553984;;;
3290;Erythromycin-R097;;1087.541074;1088.548899;1086.533249;;;
3291;Erythromycin-R098;;1143.567289;1144.575114;1142.559464;;;
3292;Erythromycin-R099;;1157.546554;1158.554379;1156.538729;;;
3293;Erythromycin-R100;;1159.562204;1160.570029;1158.554379;;;
3294;Erythromycin-R101;;1173.541469;1174.549294;1172.533644;;;
3295;Erythromycin-R102;;1219.619719;1220.627544;1218.611894;;;
3296;Erythromycin-R103;;1229.567684;1230.575509;1228.559859;;;
3297;Erythromycin-R104;;1235.614634;1236.622459;1234.606809;;;
3298;Erythromycin-R105;;1245.562599;1246.570424;1244.554774;;;
3299;Erythromycin-R106;;1305.620114;1306.627939;1304.612289;;;
3300;Erythromycin-R107;;1321.615029;1322.622854;1320.607204;;;
3301;Erythromycin-R108;;1331.562994;1332.570819;1330.555169;;;
3302;Erythromycin-R109;;1335.594294;1336.602119;1334.586469;;;
3303;Erythromycin-R110;;1381.672544;1382.680369;1380.664719;;;
3304;Erythromycin-R111;;1397.667459;1398.675284;1396.659634;;;
3305;Erythromycin-R112;;763.435424;764.443249;762.427599;;;
3306;Erythromycin-R113;;1056.540244;1057.548069;1055.532419;;;
3307;Erythromycin-R114;;911.472244;912.480069;910.464419;;;
3308;Erythromycin-R115;;909.493244;910.501069;908.485419;;;
3309;Erythromycin-R116;;895.477244;896.485069;894.469419;;;
3310;Erythromycin-R117;;894.476244;895.484069;893.468419;;;
3311;Erythromycin-R118;;813.427644;814.435469;812.419819;;;
3312;Erythromycin-R119;;791.466744;792.474569;790.458919;;;
3313;Erythromycin-R120;;783.461644;784.469469;782.453819;;;
3314;Erythromycin-R121;;1040.545244;1041.553069;1039.537419;;;
3315;Erythromycin-R122;;779.466744;780.474569;778.458919;;;
3316;Erythromycin-R123;;779.430344;780.438169;778.422519;;;
3317;Erythromycin-R124;;763.471844;764.479669;762.464019;;;
3318;Erythromycin-R125;;751.471844;752.479669;750.464019;;;
3319;Erythromycin-R126;;737.492544;738.500369;736.484719;;;
3320;Erythromycin-R127;;735.440544;736.448369;734.432719;;;
3321;Erythromycin-R128;;734.445244;735.453069;733.437419;;;
3322;Erythromycin-R129;;733.424844;734.432669;732.417019;;;
3323;Erythromycin-R130;;731.445544;732.453369;730.437719;;;
3324;Erythromycin-R131;;721.461244;722.469069;720.453419;;;
3325;Erythromycin-R132;;721.424844;722.432669;720.417019;;;
3326;Erythromycin-R133;;973.360244;974.368069;972.352419;;;
3327;Erythromycin-R134;;717.429944;718.437769;716.422119;;;
3328;Erythromycin-R135;;707.445544;708.453369;706.437719;;;
3329;Erythromycin-R136;;703.487044;704.494869;702.479219;;;
3330;Erythromycin-R137;;691.414244;692.422069;690.406419;;;
3331;Erythromycin-R138;;689.435044;690.442869;688.427219;;;
3332;Erythromycin-R139;;679.414244;680.422069;678.406419;;;
3333;Erythromycin-R140;;941.483244;942.491069;940.475419;;;
3334;Erythromycin-R141;;677.398644;678.406469;676.390819;;;
3335;Erythromycin-R142;;939.467244;940.475069;938.459419;;;
3336;Erythromycin-R143;;912.486244;913.494069;911.478419;;;
3337;Erythromycin-R144;;911.509244;912.517069;910.501419;;;
3338;Ketoprofen-R001;;206.10955;207.117375;205.101725;;;
3339;Ketoprofen-R002;;210.104465;211.11229;209.09664;;;
3340;Ketoprofen-R003;;212.047345;213.05517;211.03952;;;
3341;Ketoprofen-R004;;212.08373;213.091555;211.075905;;;
3342;Ketoprofen-R005;;222.104465;223.11229;221.09664;;;
3343;Ketoprofen-R006;;226.062995;227.07082;225.05517;;;
3344;Ketoprofen-R007;;238.09938;239.107205;237.091555;;;
3345;Ketoprofen-R008;;240.078645;241.08647;239.07082;;;
3346;Ketoprofen-R009;;240.11503;241.122855;239.107205;;;
3347;Ketoprofen-R010;;256.109945;257.11777;255.10212;;;
3348;Ketoprofen-R011;;256.109945;257.11777;255.10212;;;
3349;Ketoprofen-R012;;268.07356;269.081385;267.065735;;;
3350;Ketoprofen-R013;;268.109945;269.11777;267.10212;;;
3351;Ketoprofen-R014;;270.08921;271.097035;269.081385;;;
3352;Ketoprofen-R015;;270.08921;271.097035;269.081385;;;
3353;Ketoprofen-R016;;270.08921;271.097035;269.081385;;;
3354;Ketoprofen-R017;;270.08921;271.097035;269.081385;;;
3355;Ketoprofen-R018;;282.125595;283.13342;281.11777;;;
3356;Ketoprofen-R019;;284.068475;285.0763;283.06065;;;
3357;Ketoprofen-R020;;286.084125;287.09195;285.0763;;;
3358;Ketoprofen-R021;;286.084125;287.09195;285.0763;;;
3359;Ketoprofen-R022;;288.099775;289.1076;287.09195;;;
3360;Ketoprofen-R023;;296.10486;297.112685;295.097035;;;
3361;Ketoprofen-R024;;296.141245;297.14907;295.13342;;;
3362;Ketoprofen-R025;;298.084125;299.09195;297.0763;;;
3363;Ketoprofen-R026;;302.07904;303.086865;301.071215;;;
3364;Ketoprofen-R027;;311.115759;312.123584;310.107934;;;
3365;Ketoprofen-R028;;325.131409;326.139234;324.123584;;;
3366;Ketoprofen-R029;;327.110674;328.118499;326.102849;;;
3367;Ketoprofen-R030;;334.051112;335.058937;333.043287;;;
3368;Ketoprofen-R031;;341.126324;342.134149;340.118499;;;
3369;Ketoprofen-R032;;350.046027;351.053852;349.038202;;;
3370;Ketoprofen-R033;;351.147059;352.154884;350.139234;;;
3371;Ketoprofen-R034;;353.162709;354.170534;352.154884;;;
3372;Ketoprofen-R035;;355.141974;356.149799;354.134149;;;
3373;Ketoprofen-R036;;357.121239;358.129064;356.113414;;;
3374;Ketoprofen-R037;;357.103481;358.111306;356.095656;;;
3375;Ketoprofen-R038;;367.141974;368.149799;366.134149;;;
3376;Ketoprofen-R039;;367.178359;368.186184;366.170534;;;
3377;Ketoprofen-R040;;367.178359;368.186184;366.170534;;;
3378;Ketoprofen-R041;;368.137223;369.145048;367.129398;;;
3379;Ketoprofen-R042;;369.145048;370.152873;368.137223;;;
3380;Ketoprofen-R043;;369.157624;370.165449;368.149799;;;
3381;Ketoprofen-R044;;371.136889;372.144714;370.129064;;;
3382;Ketoprofen-R045;;373.098396;374.106221;372.090571;;;
3383;Ketoprofen-R046;;382.152873;383.160698;381.145048;;;
3384;Ketoprofen-R047;;382.189258;383.197083;381.181433;;;
3385;Ketoprofen-R048;;383.160698;384.168523;382.152873;;;
3386;Ketoprofen-R049;;383.173274;384.181099;382.165449;;;
3387;Ketoprofen-R050;;383.173274;384.181099;382.165449;;;
3388;Ketoprofen-R051;;384.132138;385.139963;383.124313;;;
3389;Ketoprofen-R052;;385.139963;386.147788;384.132138;;;
3390;Ketoprofen-R053;;385.134781;386.142606;384.126956;;;
3391;Ketoprofen-R054;;454.174003;455.181828;453.166178;;;
3392;Ketoprofen-R055;;391.153207;392.161032;390.145382;;;
3393;Ketoprofen-R056;;398.147788;399.155613;397.139963;;;
3394;Ketoprofen-R057;;398.184173;399.191998;397.176348;;;
3395;Ketoprofen-R058;;399.155613;400.163438;398.147788;;;
3396;Ketoprofen-R059;;401.162709;402.170534;400.154884;;;
3397;Ketoprofen-R060;;401.129696;402.137521;400.121871;;;
3398;Ketoprofen-R061;;407.148122;408.155947;406.140297;;;
3399;Ketoprofen-R062;;410.195406;411.203231;409.187581;;;
3400;Ketoprofen-R063;;416.14712;417.154945;415.139295;;;
3401;Ketoprofen-R064;;482.205303;483.213128;481.197478;;;
3402;Ketoprofen-R065;;417.157624;418.165449;416.149799;;;
3403;Ketoprofen-R066;;417.157624;418.165449;416.149799;;;
3404;Ketoprofen-R067;;426.179088;427.186913;425.171263;;;
3405;Ketoprofen-R068;;426.190321;427.198146;425.182496;;;
3406;Ketoprofen-R069;;496.220953;497.228778;495.213128;;;
3407;Ketoprofen-R070;;496.220953;497.228778;495.213128;;;
3408;Ketoprofen-R071;;432.142035;433.14986;431.13421;;;
3409;Ketoprofen-R072;;432.142035;433.14986;431.13421;;;
3410;Ketoprofen-R073;;433.152539;434.160364;432.144714;;;
3411;Ketoprofen-R074;;440.173608;441.181433;439.165783;;;
3412;Ketoprofen-R075;;446.1213;447.129125;445.113475;;;
3413;Ketoprofen-R076;;511.195467;512.203292;510.187642;;;
3414;Ketoprofen-R077;;448.13695;449.144775;447.129125;;;
3415;Ketoprofen-R078;;448.13695;449.144775;447.129125;;;
3416;Ketoprofen-R079;;453.189987;454.197812;452.182162;;;
3417;Ketoprofen-R080;;456.168523;457.176348;455.160698;;;
3418;Ketoprofen-R081;;458.157685;459.16551;457.14986;;;
3419;Ketoprofen-R082;;530.205303;531.213128;529.197478;;;
3420;Ketoprofen-R083;;482.205303;483.213128;481.197478;;;
3421;Ketoprofen-R084;;496.220953;497.228778;495.213128;;;
3422;Ketoprofen-R085;;496.220953;497.228778;495.213128;;;
3423;Ketoprofen-R086;;340.09469;341.102515;339.086865;;;
3424;Ketoprofen-R087;;502.147515;503.15534;501.13969;;;
3425;Ketoprofen-R088;;511.195467;512.203292;510.187642;;;
3426;Ketoprofen-R089;;518.14243;519.150255;517.134605;;;
3427;Ketoprofen-R090;;530.205303;531.213128;529.197478;;;
3428;Ketoprofen-R091;;559.162454;560.170279;558.154629;;;
3429;Ketoprofen-R092;;575.157369;576.165194;574.149544;;;
3430;Ketoprofen-R093;;578.199945;579.20777;577.19212;;;
3431;Ketoprofen-R094;;588.222016;589.229841;587.214191;;;
3432;Ketoprofen-R095;;592.17921;593.187035;591.171385;;;
3433;Ketoprofen-R096;;594.19486;595.202685;593.187035;;;
3434;Ketoprofen-R097;;608.174125;609.18195;607.1663;;;
3435;Ketoprofen-R098;;664.20034;665.208165;663.192515;;;
3436;Ketoprofen-R099;;678.179605;679.18743;677.17178;;;
3437;Ketoprofen-R100;;680.195255;681.20308;679.18743;;;
3438;Ketoprofen-R101;;694.17452;695.182345;693.166695;;;
3439;Ketoprofen-R102;;740.25277;741.260595;739.244945;;;
3440;Ketoprofen-R103;;750.200735;751.20856;749.19291;;;
3441;Ketoprofen-R104;;756.247685;757.25551;755.23986;;;
3442;Ketoprofen-R105;;766.19565;767.203475;765.187825;;;
3443;Ketoprofen-R106;;826.253165;827.26099;825.24534;;;
3444;Ketoprofen-R107;;842.24808;843.255905;841.240255;;;
3445;Ketoprofen-R108;;852.196045;853.20387;851.18822;;;
3446;Ketoprofen-R109;;856.227345;857.23517;855.21952;;;
3447;Ketoprofen-R110;;902.305595;903.31342;901.29777;;;
3448;Ketoprofen-R111;;918.30051;919.308335;917.292685;;;
3449;Ketoprofen-R112;;284.068475;285.0763;283.06065;;;
3450;Ketoprofen-R113;;577.173295;578.18112;576.16547;;;
3451;Ketoprofen-R114;;432.105295;433.11312;431.09747;;;
3452;Ketoprofen-R115;;430.126295;431.13412;429.11847;;;
3453;Ketoprofen-R116;;416.110295;417.11812;415.10247;;;
3454;Ketoprofen-R117;;415.109295;416.11712;414.10147;;;
3455;Ketoprofen-R118;;334.060695;335.06852;333.05287;;;
3456;Ketoprofen-R119;;312.099795;313.10762;311.09197;;;
3457;Ketoprofen-R120;;304.094695;305.10252;303.08687;;;
3458;Ketoprofen-R121;;561.178295;562.18612;560.17047;;;
3459;Ketoprofen-R122;;300.099795;301.10762;299.09197;;;
3460;Ketoprofen-R123;;300.063395;301.07122;299.05557;;;
3461;Ketoprofen-R124;;284.104895;285.11272;283.09707;;;
3462;Ketoprofen-R125;;272.104895;273.11272;271.09707;;;
3463;Ketoprofen-R126;;258.125595;259.13342;257.11777;;;
3464;Ketoprofen-R127;;256.073595;257.08142;255.06577;;;
3465;Ketoprofen-R128;;255.078295;256.08612;254.07047;;;
3466;Ketoprofen-R129;;254.057895;255.06572;253.05007;;;
3467;Ketoprofen-R130;;252.078595;253.08642;251.07077;;;
3468;Ketoprofen-R131;;242.094295;243.10212;241.08647;;;
3469;Ketoprofen-R132;;242.057895;243.06572;241.05007;;;
3470;Ketoprofen-R133;;493.993295;495.00112;492.98547;;;
3471;Ketoprofen-R134;;238.062995;239.07082;237.05517;;;
3472;Ketoprofen-R135;;228.078595;229.08642;227.07077;;;
3473;Ketoprofen-R136;;224.120095;225.12792;223.11227;;;
3474;Ketoprofen-R137;;212.047295;213.05512;211.03947;;;
3475;Ketoprofen-R138;;210.068095;211.07592;209.06027;;;
3476;Ketoprofen-R139;;200.047295;201.05512;199.03947;;;
3477;Ketoprofen-R140;;462.116295;463.12412;461.10847;;;
3478;Ketoprofen-R141;;198.031695;199.03952;197.02387;;;
3479;Ketoprofen-R142;;460.100295;461.10812;459.09247;;;
3480;Ketoprofen-R143;;433.119295;434.12712;432.11147;;;
3481;Ketoprofen-R144;;432.142295;433.15012;431.13447;;;
3482;Sulfamethoxazole-R001;;205.067369;206.075194;204.059544;;;
3483;Sulfamethoxazole-R002;;209.062284;210.070109;208.054459;;;
3484;Sulfamethoxazole-R003;;211.005164;212.012989;209.997339;;;
3485;Sulfamethoxazole-R004;;211.041549;212.049374;210.033724;;;
3486;Sulfamethoxazole-R005;;221.062284;222.070109;220.054459;;;
3487;Sulfamethoxazole-R006;;225.020814;226.028639;224.012989;;;
3488;Sulfamethoxazole-R007;;237.057199;238.065024;236.049374;;;
3489;Sulfamethoxazole-R008;;239.036464;240.044289;238.028639;;;
3490;Sulfamethoxazole-R009;;239.072849;240.080674;238.065024;;;
3491;Sulfamethoxazole-R010;;255.067764;256.075589;254.059939;;;
3492;Sulfamethoxazole-R011;;255.067764;256.075589;254.059939;;;
3493;Sulfamethoxazole-R012;;267.031379;268.039204;266.023554;;;
3494;Sulfamethoxazole-R013;;267.067764;268.075589;266.059939;;;
3495;Sulfamethoxazole-R014;;269.047029;270.054854;268.039204;;;
3496;Sulfamethoxazole-R015;;269.047029;270.054854;268.039204;;;
3497;Sulfamethoxazole-R016;;269.047029;270.054854;268.039204;;;
3498;Sulfamethoxazole-R017;;269.047029;270.054854;268.039204;;;
3499;Sulfamethoxazole-R018;;281.083414;282.091239;280.075589;;;
3500;Sulfamethoxazole-R019;;283.026294;284.034119;282.018469;;;
3501;Sulfamethoxazole-R020;;285.041944;286.049769;284.034119;;;
3502;Sulfamethoxazole-R021;;285.041944;286.049769;284.034119;;;
3503;Sulfamethoxazole-R022;;287.057594;288.065419;286.049769;;;
3504;Sulfamethoxazole-R023;;295.062679;296.070504;294.054854;;;
3505;Sulfamethoxazole-R024;;295.099064;296.106889;294.091239;;;
3506;Sulfamethoxazole-R025;;297.041944;298.049769;296.034119;;;
3507;Sulfamethoxazole-R026;;301.036859;302.044684;300.029034;;;
3508;Sulfamethoxazole-R027;;310.073578;311.081403;309.065753;;;
3509;Sulfamethoxazole-R028;;324.089228;325.097053;323.081403;;;
3510;Sulfamethoxazole-R029;;326.068493;327.076318;325.060668;;;
3511;Sulfamethoxazole-R030;;333.008931;334.016756;332.001106;;;
3512;Sulfamethoxazole-R031;;340.084143;341.091968;339.076318;;;
3513;Sulfamethoxazole-R032;;349.003846;350.011671;347.996021;;;
3514;Sulfamethoxazole-R033;;350.104878;351.112703;349.097053;;;
3515;Sulfamethoxazole-R034;;352.120528;353.128353;351.112703;;;
3516;Sulfamethoxazole-R035;;354.099793;355.107618;353.091968;;;
3517;Sulfamethoxazole-R036;;356.079058;357.086883;355.071233;;;
3518;Sulfamethoxazole-R037;;356.0613;357.069125;355.053475;;;
3519;Sulfamethoxazole-R038;;366.099793;367.107618;365.091968;;;
3520;Sulfamethoxazole-R039;;366.136178;367.144003;365.128353;;;
3521;Sulfamethoxazole-R040;;366.136178;367.144003;365.128353;;;
3522;Sulfamethoxazole-R041;;367.095042;368.102867;366.087217;;;
3523;Sulfamethoxazole-R042;;368.102867;369.110692;367.095042;;;
3524;Sulfamethoxazole-R043;;368.115443;369.123268;367.107618;;;
3525;Sulfamethoxazole-R044;;370.094708;371.102533;369.086883;;;
3526;Sulfamethoxazole-R045;;372.056215;373.06404;371.04839;;;
3527;Sulfamethoxazole-R046;;381.110692;382.118517;380.102867;;;
3528;Sulfamethoxazole-R047;;381.147077;382.154902;380.139252;;;
3529;Sulfamethoxazole-R048;;382.118517;383.126342;381.110692;;;
3530;Sulfamethoxazole-R049;;382.131093;383.138918;381.123268;;;
3531;Sulfamethoxazole-R050;;382.131093;383.138918;381.123268;;;
3532;Sulfamethoxazole-R051;;383.089957;384.097782;382.082132;;;
3533;Sulfamethoxazole-R052;;384.097782;385.105607;383.089957;;;
3534;Sulfamethoxazole-R053;;384.0926;385.100425;383.084775;;;
3535;Sulfamethoxazole-R054;;453.131822;454.139647;452.123997;;;
3536;Sulfamethoxazole-R055;;390.111026;391.118851;389.103201;;;
3537;Sulfamethoxazole-R056;;397.105607;398.113432;396.097782;;;
3538;Sulfamethoxazole-R057;;397.141992;398.149817;396.134167;;;
3539;Sulfamethoxazole-R058;;398.113432;399.121257;397.105607;;;
3540;Sulfamethoxazole-R059;;400.120528;401.128353;399.112703;;;
3541;Sulfamethoxazole-R060;;400.087515;401.09534;399.07969;;;
3542;Sulfamethoxazole-R061;;406.105941;407.113766;405.098116;;;
3543;Sulfamethoxazole-R062;;409.153225;410.16105;408.1454;;;
3544;Sulfamethoxazole-R063;;415.104939;416.112764;414.097114;;;
3545;Sulfamethoxazole-R064;;481.163122;482.170947;480.155297;;;
3546;Sulfamethoxazole-R065;;416.115443;417.123268;415.107618;;;
3547;Sulfamethoxazole-R066;;416.115443;417.123268;415.107618;;;
3548;Sulfamethoxazole-R067;;425.136907;426.144732;424.129082;;;
3549;Sulfamethoxazole-R068;;425.14814;426.155965;424.140315;;;
3550;Sulfamethoxazole-R069;;495.178772;496.186597;494.170947;;;
3551;Sulfamethoxazole-R070;;495.178772;496.186597;494.170947;;;
3552;Sulfamethoxazole-R071;;431.099854;432.107679;430.092029;;;
3553;Sulfamethoxazole-R072;;431.099854;432.107679;430.092029;;;
3554;Sulfamethoxazole-R073;;432.110358;433.118183;431.102533;;;
3555;Sulfamethoxazole-R074;;439.131427;440.139252;438.123602;;;
3556;Sulfamethoxazole-R075;;445.079119;446.086944;444.071294;;;
3557;Sulfamethoxazole-R076;;510.153286;511.161111;509.145461;;;
3558;Sulfamethoxazole-R077;;447.094769;448.102594;446.086944;;;
3559;Sulfamethoxazole-R078;;447.094769;448.102594;446.086944;;;
3560;Sulfamethoxazole-R079;;452.147806;453.155631;451.139981;;;
3561;Sulfamethoxazole-R080;;455.126342;456.134167;454.118517;;;
3562;Sulfamethoxazole-R081;;457.115504;458.123329;456.107679;;;
3563;Sulfamethoxazole-R082;;529.163122;530.170947;528.155297;;;
3564;Sulfamethoxazole-R083;;481.163122;482.170947;480.155297;;;
3565;Sulfamethoxazole-R084;;495.178772;496.186597;494.170947;;;
3566;Sulfamethoxazole-R085;;495.178772;496.186597;494.170947;;;
3567;Sulfamethoxazole-R086;;339.052509;340.060334;338.044684;;;
3568;Sulfamethoxazole-R087;;501.105334;502.113159;500.097509;;;
3569;Sulfamethoxazole-R088;;510.153286;511.161111;509.145461;;;
3570;Sulfamethoxazole-R089;;517.100249;518.108074;516.092424;;;
3571;Sulfamethoxazole-R090;;529.163122;530.170947;528.155297;;;
3572;Sulfamethoxazole-R091;;558.120273;559.128098;557.112448;;;
3573;Sulfamethoxazole-R092;;574.115188;575.123013;573.107363;;;
3574;Sulfamethoxazole-R093;;577.157764;578.165589;576.149939;;;
3575;Sulfamethoxazole-R094;;587.179835;588.18766;586.17201;;;
3576;Sulfamethoxazole-R095;;591.137029;592.144854;590.129204;;;
3577;Sulfamethoxazole-R096;;593.152679;594.160504;592.144854;;;
3578;Sulfamethoxazole-R097;;607.131944;608.139769;606.124119;;;
3579;Sulfamethoxazole-R098;;663.158159;664.165984;662.150334;;;
3580;Sulfamethoxazole-R099;;677.137424;678.145249;676.129599;;;
3581;Sulfamethoxazole-R100;;679.153074;680.160899;678.145249;;;
3582;Sulfamethoxazole-R101;;693.132339;694.140164;692.124514;;;
3583;Sulfamethoxazole-R102;;739.210589;740.218414;738.202764;;;
3584;Sulfamethoxazole-R103;;749.158554;750.166379;748.150729;;;
3585;Sulfamethoxazole-R104;;755.205504;756.213329;754.197679;;;
3586;Sulfamethoxazole-R105;;765.153469;766.161294;764.145644;;;
3587;Sulfamethoxazole-R106;;825.210984;826.218809;824.203159;;;
3588;Sulfamethoxazole-R107;;841.205899;842.213724;840.198074;;;
3589;Sulfamethoxazole-R108;;851.153864;852.161689;850.146039;;;
3590;Sulfamethoxazole-R109;;855.185164;856.192989;854.177339;;;
3591;Sulfamethoxazole-R110;;901.263414;902.271239;900.255589;;;
3592;Sulfamethoxazole-R111;;917.258329;918.266154;916.250504;;;
3593;Sulfamethoxazole-R112;;283.026294;284.034119;282.018469;;;
3594;Sulfamethoxazole-R113;;576.131114;577.138939;575.123289;;;
3595;Sulfamethoxazole-R114;;431.063114;432.070939;430.055289;;;
3596;Sulfamethoxazole-R115;;429.084114;430.091939;428.076289;;;
3597;Sulfamethoxazole-R116;;415.068114;416.075939;414.060289;;;
3598;Sulfamethoxazole-R117;;414.067114;415.074939;413.059289;;;
3599;Sulfamethoxazole-R118;;333.018514;334.026339;332.010689;;;
3600;Sulfamethoxazole-R119;;311.057614;312.065439;310.049789;;;
3601;Sulfamethoxazole-R120;;303.052514;304.060339;302.044689;;;
3602;Sulfamethoxazole-R121;;560.136114;561.143939;559.128289;;;
3603;Sulfamethoxazole-R122;;299.057614;300.065439;298.049789;;;
3604;Sulfamethoxazole-R123;;299.021214;300.029039;298.013389;;;
3605;Sulfamethoxazole-R124;;283.062714;284.070539;282.054889;;;
3606;Sulfamethoxazole-R125;;271.062714;272.070539;270.054889;;;
3607;Sulfamethoxazole-R126;;257.083414;258.091239;256.075589;;;
3608;Sulfamethoxazole-R127;;255.031414;256.039239;254.023589;;;
3609;Sulfamethoxazole-R128;;254.036114;255.043939;253.028289;;;
3610;Sulfamethoxazole-R129;;253.015714;254.023539;252.007889;;;
3611;Sulfamethoxazole-R130;;251.036414;252.044239;250.028589;;;
3612;Sulfamethoxazole-R131;;241.052114;242.059939;240.044289;;;
3613;Sulfamethoxazole-R132;;241.015714;242.023539;240.007889;;;
3614;Sulfamethoxazole-R133;;492.951114;493.958939;491.943289;;;
3615;Sulfamethoxazole-R134;;237.020814;238.028639;236.012989;;;
3616;Sulfamethoxazole-R135;;227.036414;228.044239;226.028589;;;
3617;Sulfamethoxazole-R136;;223.077914;224.085739;222.070089;;;
3618;Sulfamethoxazole-R137;;211.005114;212.012939;209.997289;;;
3619;Sulfamethoxazole-R138;;209.025914;210.033739;208.018089;;;
3620;Sulfamethoxazole-R139;;199.005114;200.012939;197.997289;;;
3621;Sulfamethoxazole-R140;;461.074114;462.081939;460.066289;;;
3622;Sulfamethoxazole-R141;;196.989514;197.997339;195.981689;;;
3623;Sulfamethoxazole-R142;;459.058114;460.065939;458.050289;;;
3624;Sulfamethoxazole-R143;;432.077114;433.084939;431.069289;;;
3625;Sulfamethoxazole-R144;;431.100114;432.107939;430.092289;;;
3626;Tetracycline-R001;;396.168523;397.176348;395.160698;;;
3627;Tetracycline-R002;;400.163438;401.171263;399.155613;;;
3628;Tetracycline-R003;;402.106318;403.114143;401.098493;;;
3629;Tetracycline-R004;;402.142703;403.150528;401.134878;;;
3630;Tetracycline-R005;;412.163438;413.171263;411.155613;;;
3631;Tetracycline-R006;;416.121968;417.129793;415.114143;;;
3632;Tetracycline-R007;;428.158353;429.166178;427.150528;;;
3633;Tetracycline-R008;;430.137618;431.145443;429.129793;;;
3634;Tetracycline-R009;;430.174003;431.181828;429.166178;;;
3635;Tetracycline-R010;;446.168918;447.176743;445.161093;;;
3636;Tetracycline-R011;;446.168918;447.176743;445.161093;;;
3637;Tetracycline-R012;;458.132533;459.140358;457.124708;;;
3638;Tetracycline-R013;;458.168918;459.176743;457.161093;;;
3639;Tetracycline-R014;;460.148183;461.156008;459.140358;;;
3640;Tetracycline-R015;;460.148183;461.156008;459.140358;;;
3641;Tetracycline-R016;;460.148183;461.156008;459.140358;;;
3642;Tetracycline-R017;;460.148183;461.156008;459.140358;;;
3643;Tetracycline-R018;;472.184568;473.192393;471.176743;;;
3644;Tetracycline-R019;;474.127448;475.135273;473.119623;;;
3645;Tetracycline-R020;;476.143098;477.150923;475.135273;;;
3646;Tetracycline-R021;;476.143098;477.150923;475.135273;;;
3647;Tetracycline-R022;;478.158748;479.166573;477.150923;;;
3648;Tetracycline-R023;;486.163833;487.171658;485.156008;;;
3649;Tetracycline-R024;;486.200218;487.208043;485.192393;;;
3650;Tetracycline-R025;;488.143098;489.150923;487.135273;;;
3651;Tetracycline-R026;;492.138013;493.145838;491.130188;;;
3652;Tetracycline-R027;;501.174732;502.182557;500.166907;;;
3653;Tetracycline-R028;;515.190382;516.198207;514.182557;;;
3654;Tetracycline-R029;;517.169647;518.177472;516.161822;;;
3655;Tetracycline-R030;;524.110085;525.11791;523.10226;;;
3656;Tetracycline-R031;;531.185297;532.193122;530.177472;;;
3657;Tetracycline-R032;;540.105;541.112825;539.097175;;;
3658;Tetracycline-R033;;541.206032;542.213857;540.198207;;;
3659;Tetracycline-R034;;543.221682;544.229507;542.213857;;;
3660;Tetracycline-R035;;545.200947;546.208772;544.193122;;;
3661;Tetracycline-R036;;547.180212;548.188037;546.172387;;;
3662;Tetracycline-R037;;547.162454;548.170279;546.154629;;;
3663;Tetracycline-R038;;557.200947;558.208772;556.193122;;;
3664;Tetracycline-R039;;557.237332;558.245157;556.229507;;;
3665;Tetracycline-R040;;557.237332;558.245157;556.229507;;;
3666;Tetracycline-R041;;558.196196;559.204021;557.188371;;;
3667;Tetracycline-R042;;559.204021;560.211846;558.196196;;;
3668;Tetracycline-R043;;559.216597;560.224422;558.208772;;;
3669;Tetracycline-R044;;561.195862;562.203687;560.188037;;;
3670;Tetracycline-R045;;563.157369;564.165194;562.149544;;;
3671;Tetracycline-R046;;572.211846;573.219671;571.204021;;;
3672;Tetracycline-R047;;572.248231;573.256056;571.240406;;;
3673;Tetracycline-R048;;573.219671;574.227496;572.211846;;;
3674;Tetracycline-R049;;573.232247;574.240072;572.224422;;;
3675;Tetracycline-R050;;573.232247;574.240072;572.224422;;;
3676;Tetracycline-R051;;574.191111;575.198936;573.183286;;;
3677;Tetracycline-R052;;575.198936;576.206761;574.191111;;;
3678;Tetracycline-R053;;575.193754;576.201579;574.185929;;;
3679;Tetracycline-R054;;644.232976;645.240801;643.225151;;;
3680;Tetracycline-R055;;581.21218;582.220005;580.204355;;;
3681;Tetracycline-R056;;588.206761;589.214586;587.198936;;;
3682;Tetracycline-R057;;588.243146;589.250971;587.235321;;;
3683;Tetracycline-R058;;589.214586;590.222411;588.206761;;;
3684;Tetracycline-R059;;591.221682;592.229507;590.213857;;;
3685;Tetracycline-R060;;591.188669;592.196494;590.180844;;;
3686;Tetracycline-R061;;597.207095;598.21492;596.19927;;;
3687;Tetracycline-R062;;600.254379;601.262204;599.246554;;;
3688;Tetracycline-R063;;606.206093;607.213918;605.198268;;;
3689;Tetracycline-R064;;672.264276;673.272101;671.256451;;;
3690;Tetracycline-R065;;607.216597;608.224422;606.208772;;;
3691;Tetracycline-R066;;607.216597;608.224422;606.208772;;;
3692;Tetracycline-R067;;616.238061;617.245886;615.230236;;;
3693;Tetracycline-R068;;616.249294;617.257119;615.241469;;;
3694;Tetracycline-R069;;686.279926;687.287751;685.272101;;;
3695;Tetracycline-R070;;686.279926;687.287751;685.272101;;;
3696;Tetracycline-R071;;622.201008;623.208833;621.193183;;;
3697;Tetracycline-R072;;622.201008;623.208833;621.193183;;;
3698;Tetracycline-R073;;623.211512;624.219337;622.203687;;;
3699;Tetracycline-R074;;630.232581;631.240406;629.224756;;;
3700;Tetracycline-R075;;636.180273;637.188098;635.172448;;;
3701;Tetracycline-R076;;701.25444;702.262265;700.246615;;;
3702;Tetracycline-R077;;638.195923;639.203748;637.188098;;;
3703;Tetracycline-R078;;638.195923;639.203748;637.188098;;;
3704;Tetracycline-R079;;643.24896;644.256785;642.241135;;;
3705;Tetracycline-R080;;646.227496;647.235321;645.219671;;;
3706;Tetracycline-R081;;648.216658;649.224483;647.208833;;;
3707;Tetracycline-R082;;720.264276;721.272101;719.256451;;;
3708;Tetracycline-R083;;672.264276;673.272101;671.256451;;;
3709;Tetracycline-R084;;686.279926;687.287751;685.272101;;;
3710;Tetracycline-R085;;686.279926;687.287751;685.272101;;;
3711;Tetracycline-R086;;530.153663;531.161488;529.145838;;;
3712;Tetracycline-R087;;692.206488;693.214313;691.198663;;;
3713;Tetracycline-R088;;701.25444;702.262265;700.246615;;;
3714;Tetracycline-R089;;708.201403;709.209228;707.193578;;;
3715;Tetracycline-R090;;720.264276;721.272101;719.256451;;;
3716;Tetracycline-R091;;749.221427;750.229252;748.213602;;;
3717;Tetracycline-R092;;765.216342;766.224167;764.208517;;;
3718;Tetracycline-R093;;768.258918;769.266743;767.251093;;;
3719;Tetracycline-R094;;778.280989;779.288814;777.273164;;;
3720;Tetracycline-R095;;782.238183;783.246008;781.230358;;;
3721;Tetracycline-R096;;784.253833;785.261658;783.246008;;;
3722;Tetracycline-R097;;798.233098;799.240923;797.225273;;;
3723;Tetracycline-R098;;854.259313;855.267138;853.251488;;;
3724;Tetracycline-R099;;868.238578;869.246403;867.230753;;;
3725;Tetracycline-R100;;870.254228;871.262053;869.246403;;;
3726;Tetracycline-R101;;884.233493;885.241318;883.225668;;;
3727;Tetracycline-R102;;930.311743;931.319568;929.303918;;;
3728;Tetracycline-R103;;940.259708;941.267533;939.251883;;;
3729;Tetracycline-R104;;946.306658;947.314483;945.298833;;;
3730;Tetracycline-R105;;956.254623;957.262448;955.246798;;;
3731;Tetracycline-R106;;1016.312138;1017.319963;1015.304313;;;
3732;Tetracycline-R107;;1032.307053;1033.314878;1031.299228;;;
3733;Tetracycline-R108;;1042.255018;1043.262843;1041.247193;;;
3734;Tetracycline-R109;;1046.286318;1047.294143;1045.278493;;;
3735;Tetracycline-R110;;1092.364568;1093.372393;1091.356743;;;
3736;Tetracycline-R111;;1108.359483;1109.367308;1107.351658;;;
3737;Tetracycline-R112;;474.127448;475.135273;473.119623;;;
3738;Tetracycline-R113;;767.232268;768.240093;766.224443;;;
3739;Tetracycline-R114;;622.164268;623.172093;621.156443;;;
3740;Tetracycline-R115;;620.185268;621.193093;619.177443;;;
3741;Tetracycline-R116;;606.169268;607.177093;605.161443;;;
3742;Tetracycline-R117;;605.168268;606.176093;604.160443;;;
3743;Tetracycline-R118;;524.119668;525.127493;523.111843;;;
3744;Tetracycline-R119;;502.158768;503.166593;501.150943;;;
3745;Tetracycline-R120;;494.153668;495.161493;493.145843;;;
3746;Tetracycline-R121;;751.237268;752.245093;750.229443;;;
3747;Tetracycline-R122;;490.158768;491.166593;489.150943;;;
3748;Tetracycline-R123;;490.122368;491.130193;489.114543;;;
3749;Tetracycline-R124;;474.163868;475.171693;473.156043;;;
3750;Tetracycline-R125;;462.163868;463.171693;461.156043;;;
3751;Tetracycline-R126;;448.184568;449.192393;447.176743;;;
3752;Tetracycline-R127;;446.132568;447.140393;445.124743;;;
3753;Tetracycline-R128;;445.137268;446.145093;444.129443;;;
3754;Tetracycline-R129;;444.116868;445.124693;443.109043;;;
3755;Tetracycline-R130;;442.137568;443.145393;441.129743;;;
3756;Tetracycline-R131;;432.153268;433.161093;431.145443;;;
3757;Tetracycline-R132;;432.116868;433.124693;431.109043;;;
3758;Tetracycline-R133;;684.052268;685.060093;683.044443;;;
3759;Tetracycline-R134;;428.121968;429.129793;427.114143;;;
3760;Tetracycline-R135;;418.137568;419.145393;417.129743;;;
3761;Tetracycline-R136;;414.179068;415.186893;413.171243;;;
3762;Tetracycline-R137;;402.106268;403.114093;401.098443;;;
3763;Tetracycline-R138;;400.127068;401.134893;399.119243;;;
3764;Tetracycline-R139;;390.106268;391.114093;389.098443;;;
3765;Tetracycline-R140;;652.175268;653.183093;651.167443;;;
3766;Tetracycline-R141;;388.090668;389.098493;387.082843;;;
3767;Tetracycline-R142;;650.159268;651.167093;649.151443;;;
3768;Tetracycline-R143;;623.178268;624.186093;622.170443;;;
3769;Tetracycline-R144;;622.201268;623.209093;621.193443;;;
